-- phpMyAdmin SQL Dump
-- version 5.2.0
-- https://www.phpmyadmin.net/
--
-- Host: 127.0.0.1
-- Generation Time: Jun 01, 2023 at 05:25 PM
-- Server version: 10.4.25-MariaDB
-- PHP Version: 8.1.10

SET SQL_MODE = "NO_AUTO_VALUE_ON_ZERO";
START TRANSACTION;
SET time_zone = "+00:00";


/*!40101 SET @OLD_CHARACTER_SET_CLIENT=@@CHARACTER_SET_CLIENT */;
/*!40101 SET @OLD_CHARACTER_SET_RESULTS=@@CHARACTER_SET_RESULTS */;
/*!40101 SET @OLD_COLLATION_CONNECTION=@@COLLATION_CONNECTION */;
/*!40101 SET NAMES utf8mb4 */;

--
-- Database: `sms`
--

-- --------------------------------------------------------

--
-- Table structure for table `1-11_marks_tbl`
--

CREATE TABLE `1-11_marks_tbl` (
  `id` int(10) NOT NULL,
  `std_id` int(10) NOT NULL,
  `year` varchar(255) NOT NULL,
  `term` varchar(255) NOT NULL,
  `sub_id` int(10) NOT NULL,
  `marks` int(10) NOT NULL
) ENGINE=InnoDB DEFAULT CHARSET=utf8mb4;

-- --------------------------------------------------------

--
-- Table structure for table `al_absent_tbl`
--

CREATE TABLE `al_absent_tbl` (
  `id` int(10) NOT NULL,
  `std_id` int(10) NOT NULL,
  `grade_class_id` int(11) NOT NULL,
  `year` int(5) NOT NULL,
  `term` varchar(50) NOT NULL,
  `sub_id` int(10) NOT NULL
) ENGINE=InnoDB DEFAULT CHARSET=utf8mb4;

-- --------------------------------------------------------

--
-- Table structure for table `al_marks_tbl`
--

CREATE TABLE `al_marks_tbl` (
  `id` int(10) NOT NULL,
  `std_id` int(10) NOT NULL,
  `grade_class_id` int(11) NOT NULL,
  `year` int(10) NOT NULL,
  `term` varchar(255) NOT NULL,
  `sub_id` int(10) NOT NULL,
  `marks` varchar(3) NOT NULL
) ENGINE=InnoDB DEFAULT CHARSET=utf8mb4;

-- --------------------------------------------------------

--
-- Table structure for table `al_subjects_tbl`
--

CREATE TABLE `al_subjects_tbl` (
  `al_sub_id` int(3) NOT NULL,
  `sub_id` int(11) NOT NULL,
  `stream_id` int(2) NOT NULL
) ENGINE=InnoDB DEFAULT CHARSET=latin1;

--
-- Dumping data for table `al_subjects_tbl`
--

INSERT INTO `al_subjects_tbl` (`al_sub_id`, `sub_id`, `stream_id`) VALUES
(1, 1, 1),
(2, 2, 1),
(3, 2, 2),
(4, 3, 1),
(5, 3, 2),
(6, 4, 2),
(7, 5, 6),
(8, 5, 3),
(9, 5, 7),
(10, 5, 5),
(11, 21, 2),
(12, 6, 3),
(13, 7, 3),
(14, 8, 5),
(15, 8, 6),
(16, 9, 6),
(17, 10, 6),
(18, 11, 5),
(19, 12, 5),
(20, 13, 5),
(21, 14, 5),
(22, 15, 5),
(23, 16, 5),
(24, 17, 5),
(25, 18, 5),
(26, 19, 5),
(27, 20, 5),
(28, 21, 5),
(29, 22, 5),
(30, 23, 5),
(31, 24, 5),
(32, 25, 5),
(33, 1, 7),
(34, 2, 7),
(35, 5, 4),
(36, 6, 4),
(37, 21, 4),
(38, 26, 4),
(39, 27, 5),
(40, 28, 5),
(47, 21, 7),
(48, 21, 3),
(49, 9, 3),
(50, 16, 6),
(51, 19, 6),
(52, 12, 6),
(53, 28, 6),
(54, 30, 6),
(55, 21, 6),
(56, 17, 6),
(57, 13, 6),
(58, 8, 3),
(60, 29, 1),
(61, 29, 2),
(62, 29, 3),
(63, 29, 4),
(64, 29, 5),
(65, 29, 5),
(66, 26, 3),
(67, 26, 4);

-- --------------------------------------------------------

--
-- Table structure for table `al_subject_stream_tbl`
--

CREATE TABLE `al_subject_stream_tbl` (
  `stream_id` int(2) NOT NULL,
  `stream_name` varchar(60) NOT NULL
) ENGINE=InnoDB DEFAULT CHARSET=latin1;

--
-- Dumping data for table `al_subject_stream_tbl`
--

INSERT INTO `al_subject_stream_tbl` (`stream_id`, `stream_name`) VALUES
(1, 'Physical Sciences'),
(2, 'Biosciences'),
(3, 'Engineering Technology'),
(4, 'Bio System Technology'),
(5, 'Arts'),
(6, 'Commerce'),
(7, 'Other');

-- --------------------------------------------------------

--
-- Table structure for table `class_tbl`
--

CREATE TABLE `class_tbl` (
  `class_id` int(10) NOT NULL,
  `class_name` varchar(255) NOT NULL
) ENGINE=InnoDB DEFAULT CHARSET=utf8mb4;

-- --------------------------------------------------------

--
-- Table structure for table `grade_class_tbl`
--

CREATE TABLE `grade_class_tbl` (
  `grade_class_id` int(10) NOT NULL,
  `grade_id` int(10) NOT NULL,
  `class_id` int(10) NOT NULL,
  `year` varchar(4) NOT NULL,
  `teacher_id` int(10) NOT NULL
) ENGINE=InnoDB DEFAULT CHARSET=utf8mb4;

-- --------------------------------------------------------

--
-- Table structure for table `grade_subject_tbl`
--

CREATE TABLE `grade_subject_tbl` (
  `id` int(10) NOT NULL,
  `grade_id` int(11) NOT NULL,
  `stream_id` int(5) NOT NULL,
  `year` varchar(4) NOT NULL,
  `sub_id` int(10) NOT NULL,
  `order_id` int(1) NOT NULL
) ENGINE=InnoDB DEFAULT CHARSET=utf8mb4;

-- --------------------------------------------------------

--
-- Table structure for table `grade_tbl`
--

CREATE TABLE `grade_tbl` (
  `grade_id` int(10) NOT NULL,
  `grade_name` varchar(255) NOT NULL,
  `teacher_id` int(5) NOT NULL
) ENGINE=InnoDB DEFAULT CHARSET=utf8mb4;

-- --------------------------------------------------------

--
-- Table structure for table `guardian_tbl`
--

CREATE TABLE `guardian_tbl` (
  `guardian_id` int(10) NOT NULL,
  `std_id` int(10) NOT NULL,
  `g_name` varchar(255) NOT NULL,
  `g_phone` varchar(255) NOT NULL,
  `g_address` varchar(255) NOT NULL,
  `g_dob` varchar(255) NOT NULL,
  `g_job` varchar(255) NOT NULL
) ENGINE=InnoDB DEFAULT CHARSET=utf8mb4;

-- --------------------------------------------------------

--
-- Table structure for table `section_tbl`
--

CREATE TABLE `section_tbl` (
  `sec_id` int(5) NOT NULL,
  `sec_name` varchar(255) NOT NULL
) ENGINE=InnoDB DEFAULT CHARSET=utf8mb4;

--
-- Dumping data for table `section_tbl`
--

INSERT INTO `section_tbl` (`sec_id`, `sec_name`) VALUES
(1, '1 - 5'),
(2, '6 - 9'),
(3, '10 - 11'),
(4, '12 - 13');

-- --------------------------------------------------------

--
-- Table structure for table `student_class_tbl`
--

CREATE TABLE `student_class_tbl` (
  `id` int(10) NOT NULL,
  `std_id` int(10) NOT NULL,
  `grade_class_id` int(10) NOT NULL,
  `sec_id` int(10) NOT NULL,
  `year` varchar(255) NOT NULL
) ENGINE=InnoDB DEFAULT CHARSET=utf8mb4;

-- --------------------------------------------------------

--
-- Table structure for table `student_tbl`
--

CREATE TABLE `student_tbl` (
  `std_id` int(10) NOT NULL,
  `admission_no` int(6) NOT NULL,
  `full_name` varchar(255) NOT NULL,
  `name_with_initials` varchar(255) NOT NULL,
  `address` varchar(255) NOT NULL,
  `phone_no_1` varchar(255) NOT NULL,
  `phone_no_2` varchar(255) NOT NULL,
  `dob` date NOT NULL,
  `email` varchar(255) NOT NULL,
  `d_o_admission` date NOT NULL,
  `date_added` date NOT NULL,
  `date_updated` date NOT NULL,
  `status` tinyint(4) NOT NULL
) ENGINE=InnoDB DEFAULT CHARSET=utf8mb4;

-- --------------------------------------------------------

--
-- Table structure for table `subject_tbl`
--

CREATE TABLE `subject_tbl` (
  `sub_id` int(10) NOT NULL,
  `sub_code` varchar(255) NOT NULL,
  `sub_name` varchar(255) NOT NULL
) ENGINE=InnoDB DEFAULT CHARSET=utf8mb4;

--
-- Dumping data for table `subject_tbl`
--

INSERT INTO `subject_tbl` (`sub_id`, `sub_code`, `sub_name`) VALUES
(1, '', 'Combined Mathematics'),
(2, '', 'Physics '),
(3, '', 'Chemistry'),
(4, '', 'Biology'),
(5, 'ICT', 'Information and Communication Technology'),
(6, 'SFT', 'Science For Technology'),
(7, 'ET', 'Engineering Technology '),
(8, 'Econ', 'Economics'),
(9, 'BS', 'Business Studies'),
(10, 'Acc', 'Accounting'),
(11, 'SIN', 'Sinhala'),
(12, 'EN', 'English'),
(13, 'FRf', 'French'),
(14, 'JP', 'Japanese'),
(15, 'CH', 'Chinese'),
(16, 'GEO', 'Geography'),
(17, 'POL', 'Political Science'),
(18, 'MEDIA', 'Communication & Media Studies'),
(19, 'LOGIC', 'Logic & Scientific Method'),
(20, 'HS', 'Home Science'),
(21, 'AGR', 'Agriculture'),
(22, 'ART', 'Art'),
(23, 'EM', 'Eastern Music'),
(24, 'WM', 'Western Music'),
(25, 'DR', 'Drama'),
(26, 'BST', 'Bio System Technology'),
(27, 'DN', 'Dancing'),
(28, 'BC', 'Buddhist Culture'),
(29, 'GEN', 'General English'),
(30, 'CHR', 'Christianity'),
(31, 'HIS', 'History');

-- --------------------------------------------------------

--
-- Table structure for table `teacher_class_tbl`
--

CREATE TABLE `teacher_class_tbl` (
  `id` int(10) NOT NULL,
  `teacher_id` int(10) NOT NULL,
  `grade_class_id` int(10) NOT NULL,
  `year` varchar(255) NOT NULL
) ENGINE=InnoDB DEFAULT CHARSET=utf8mb4;

-- --------------------------------------------------------

--
-- Table structure for table `teacher_subject_tbl`
--

CREATE TABLE `teacher_subject_tbl` (
  `teacher_id` int(10) NOT NULL,
  `sub_id` int(10) NOT NULL
) ENGINE=InnoDB DEFAULT CHARSET=utf8mb4;

-- --------------------------------------------------------

--
-- Table structure for table `teacher_tbl`
--

CREATE TABLE `teacher_tbl` (
  `teacher_id` int(10) NOT NULL,
  `first_name` varchar(255) NOT NULL,
  `last_name` varchar(255) NOT NULL,
  `nic` varchar(255) NOT NULL,
  `dob` varchar(10) NOT NULL,
  `teacher_no` varchar(255) NOT NULL,
  `app_date` date NOT NULL,
  `rc_app_date` date NOT NULL,
  `email` varchar(255) NOT NULL,
  `app_subject` varchar(100) NOT NULL,
  `sec_id` varchar(5) NOT NULL,
  `status` tinyint(1) NOT NULL
) ENGINE=InnoDB DEFAULT CHARSET=utf8mb4;

-- --------------------------------------------------------

--
-- Table structure for table `user_role_tbl`
--

CREATE TABLE `user_role_tbl` (
  `role_id` int(1) NOT NULL,
  `role` varchar(20) NOT NULL
) ENGINE=InnoDB DEFAULT CHARSET=utf8mb4;

--
-- Dumping data for table `user_role_tbl`
--

INSERT INTO `user_role_tbl` (`role_id`, `role`) VALUES
(1, 'Admin'),
(2, 'Principal'),
(3, 'Section Head'),
(4, 'Teacher'),
(5, 'Student');

-- --------------------------------------------------------

--
-- Table structure for table `user_tbl`
--

CREATE TABLE `user_tbl` (
  `user_id` int(10) NOT NULL,
  `username` varchar(255) NOT NULL,
  `password` varchar(255) NOT NULL,
  `role_id` int(1) NOT NULL,
  `admission_no` varchar(6) DEFAULT NULL,
  `nic` varchar(255) DEFAULT NULL
) ENGINE=InnoDB DEFAULT CHARSET=utf8mb4;

--
-- Indexes for dumped tables
--

--
-- Indexes for table `1-11_marks_tbl`
--
ALTER TABLE `1-11_marks_tbl`
  ADD PRIMARY KEY (`id`),
  ADD KEY `std_id` (`std_id`),
  ADD KEY `sub_id` (`sub_id`);

--
-- Indexes for table `al_absent_tbl`
--
ALTER TABLE `al_absent_tbl`
  ADD PRIMARY KEY (`id`),
  ADD KEY `std_id` (`std_id`),
  ADD KEY `grade_class_id` (`grade_class_id`),
  ADD KEY `sub_id` (`sub_id`);

--
-- Indexes for table `al_marks_tbl`
--
ALTER TABLE `al_marks_tbl`
  ADD PRIMARY KEY (`id`),
  ADD KEY `std_id` (`std_id`),
  ADD KEY `sub_id` (`sub_id`),
  ADD KEY `grade_class_id` (`grade_class_id`);

--
-- Indexes for table `al_subjects_tbl`
--
ALTER TABLE `al_subjects_tbl`
  ADD PRIMARY KEY (`al_sub_id`),
  ADD KEY `sub_id` (`sub_id`),
  ADD KEY `stream_id` (`stream_id`);

--
-- Indexes for table `al_subject_stream_tbl`
--
ALTER TABLE `al_subject_stream_tbl`
  ADD PRIMARY KEY (`stream_id`);

--
-- Indexes for table `class_tbl`
--
ALTER TABLE `class_tbl`
  ADD PRIMARY KEY (`class_id`),
  ADD KEY `class_id` (`class_id`);

--
-- Indexes for table `grade_class_tbl`
--
ALTER TABLE `grade_class_tbl`
  ADD PRIMARY KEY (`grade_class_id`),
  ADD KEY `grade_class_id` (`grade_class_id`),
  ADD KEY `grade_id` (`grade_id`),
  ADD KEY `class_id` (`class_id`),
  ADD KEY `teacher_id` (`teacher_id`);

--
-- Indexes for table `grade_subject_tbl`
--
ALTER TABLE `grade_subject_tbl`
  ADD PRIMARY KEY (`id`),
  ADD KEY `sub_id` (`sub_id`),
  ADD KEY `grade_id` (`grade_id`),
  ADD KEY `stream_id` (`stream_id`);

--
-- Indexes for table `grade_tbl`
--
ALTER TABLE `grade_tbl`
  ADD PRIMARY KEY (`grade_id`),
  ADD KEY `grade_id` (`grade_id`),
  ADD KEY `teacher_id` (`teacher_id`);

--
-- Indexes for table `guardian_tbl`
--
ALTER TABLE `guardian_tbl`
  ADD PRIMARY KEY (`guardian_id`),
  ADD KEY `std_id` (`std_id`);

--
-- Indexes for table `section_tbl`
--
ALTER TABLE `section_tbl`
  ADD PRIMARY KEY (`sec_id`),
  ADD KEY `sec_id` (`sec_id`);

--
-- Indexes for table `student_class_tbl`
--
ALTER TABLE `student_class_tbl`
  ADD PRIMARY KEY (`id`),
  ADD KEY `std_id` (`std_id`),
  ADD KEY `grade_class_id` (`grade_class_id`),
  ADD KEY `sec_id` (`sec_id`);

--
-- Indexes for table `student_tbl`
--
ALTER TABLE `student_tbl`
  ADD PRIMARY KEY (`std_id`),
  ADD KEY `std_id` (`std_id`),
  ADD KEY `admission_no` (`admission_no`);

--
-- Indexes for table `subject_tbl`
--
ALTER TABLE `subject_tbl`
  ADD PRIMARY KEY (`sub_id`),
  ADD KEY `sub_id` (`sub_id`);

--
-- Indexes for table `teacher_class_tbl`
--
ALTER TABLE `teacher_class_tbl`
  ADD PRIMARY KEY (`id`),
  ADD KEY `teacher_id` (`teacher_id`),
  ADD KEY `grade_class_id` (`grade_class_id`);

--
-- Indexes for table `teacher_subject_tbl`
--
ALTER TABLE `teacher_subject_tbl`
  ADD KEY `teacher_id` (`teacher_id`),
  ADD KEY `sub_id` (`sub_id`);

--
-- Indexes for table `teacher_tbl`
--
ALTER TABLE `teacher_tbl`
  ADD PRIMARY KEY (`teacher_id`),
  ADD KEY `teacher_id` (`teacher_id`),
  ADD KEY `sec_id` (`sec_id`),
  ADD KEY `nic` (`nic`);

--
-- Indexes for table `user_role_tbl`
--
ALTER TABLE `user_role_tbl`
  ADD PRIMARY KEY (`role_id`),
  ADD KEY `role_id` (`role_id`);

--
-- Indexes for table `user_tbl`
--
ALTER TABLE `user_tbl`
  ADD PRIMARY KEY (`user_id`),
  ADD KEY `role_id` (`role_id`),
  ADD KEY `admission_no` (`admission_no`),
  ADD KEY `nic` (`nic`);

--
-- AUTO_INCREMENT for dumped tables
--

--
-- AUTO_INCREMENT for table `1-11_marks_tbl`
--
ALTER TABLE `1-11_marks_tbl`
  MODIFY `id` int(10) NOT NULL AUTO_INCREMENT;

--
-- AUTO_INCREMENT for table `al_absent_tbl`
--
ALTER TABLE `al_absent_tbl`
  MODIFY `id` int(10) NOT NULL AUTO_INCREMENT;

--
-- AUTO_INCREMENT for table `al_marks_tbl`
--
ALTER TABLE `al_marks_tbl`
  MODIFY `id` int(10) NOT NULL AUTO_INCREMENT;

--
-- AUTO_INCREMENT for table `al_subjects_tbl`
--
ALTER TABLE `al_subjects_tbl`
  MODIFY `al_sub_id` int(3) NOT NULL AUTO_INCREMENT, AUTO_INCREMENT=68;

--
-- AUTO_INCREMENT for table `al_subject_stream_tbl`
--
ALTER TABLE `al_subject_stream_tbl`
  MODIFY `stream_id` int(2) NOT NULL AUTO_INCREMENT, AUTO_INCREMENT=8;

--
-- AUTO_INCREMENT for table `class_tbl`
--
ALTER TABLE `class_tbl`
  MODIFY `class_id` int(10) NOT NULL AUTO_INCREMENT;

--
-- AUTO_INCREMENT for table `grade_class_tbl`
--
ALTER TABLE `grade_class_tbl`
  MODIFY `grade_class_id` int(10) NOT NULL AUTO_INCREMENT;

--
-- AUTO_INCREMENT for table `grade_subject_tbl`
--
ALTER TABLE `grade_subject_tbl`
  MODIFY `id` int(10) NOT NULL AUTO_INCREMENT;

--
-- AUTO_INCREMENT for table `grade_tbl`
--
ALTER TABLE `grade_tbl`
  MODIFY `grade_id` int(10) NOT NULL AUTO_INCREMENT;

--
-- AUTO_INCREMENT for table `guardian_tbl`
--
ALTER TABLE `guardian_tbl`
  MODIFY `guardian_id` int(10) NOT NULL AUTO_INCREMENT;

--
-- AUTO_INCREMENT for table `section_tbl`
--
ALTER TABLE `section_tbl`
  MODIFY `sec_id` int(5) NOT NULL AUTO_INCREMENT, AUTO_INCREMENT=7;

--
-- AUTO_INCREMENT for table `student_class_tbl`
--
ALTER TABLE `student_class_tbl`
  MODIFY `id` int(10) NOT NULL AUTO_INCREMENT;

--
-- AUTO_INCREMENT for table `student_tbl`
--
ALTER TABLE `student_tbl`
  MODIFY `std_id` int(10) NOT NULL AUTO_INCREMENT;

--
-- AUTO_INCREMENT for table `subject_tbl`
--
ALTER TABLE `subject_tbl`
  MODIFY `sub_id` int(10) NOT NULL AUTO_INCREMENT, AUTO_INCREMENT=32;

--
-- AUTO_INCREMENT for table `teacher_class_tbl`
--
ALTER TABLE `teacher_class_tbl`
  MODIFY `id` int(10) NOT NULL AUTO_INCREMENT;

--
-- AUTO_INCREMENT for table `teacher_tbl`
--
ALTER TABLE `teacher_tbl`
  MODIFY `teacher_id` int(10) NOT NULL AUTO_INCREMENT;

--
-- AUTO_INCREMENT for table `user_role_tbl`
--
ALTER TABLE `user_role_tbl`
  MODIFY `role_id` int(1) NOT NULL AUTO_INCREMENT, AUTO_INCREMENT=6;

--
-- AUTO_INCREMENT for table `user_tbl`
--
ALTER TABLE `user_tbl`
  MODIFY `user_id` int(10) NOT NULL AUTO_INCREMENT;

--
-- Constraints for dumped tables
--

--
-- Constraints for table `1-11_marks_tbl`
--
ALTER TABLE `1-11_marks_tbl`
  ADD CONSTRAINT `1-11_marks_tbl_ibfk_1` FOREIGN KEY (`std_id`) REFERENCES `student_tbl` (`std_id`) ON DELETE CASCADE ON UPDATE CASCADE,
  ADD CONSTRAINT `1-11_marks_tbl_ibfk_2` FOREIGN KEY (`sub_id`) REFERENCES `subject_tbl` (`sub_id`) ON DELETE CASCADE ON UPDATE CASCADE;

--
-- Constraints for table `al_absent_tbl`
--
ALTER TABLE `al_absent_tbl`
  ADD CONSTRAINT `al_absent_tbl_ibfk_1` FOREIGN KEY (`std_id`) REFERENCES `student_tbl` (`std_id`) ON DELETE CASCADE ON UPDATE CASCADE,
  ADD CONSTRAINT `al_absent_tbl_ibfk_2` FOREIGN KEY (`grade_class_id`) REFERENCES `grade_class_tbl` (`grade_class_id`) ON DELETE CASCADE ON UPDATE CASCADE,
  ADD CONSTRAINT `al_absent_tbl_ibfk_3` FOREIGN KEY (`sub_id`) REFERENCES `subject_tbl` (`sub_id`) ON DELETE CASCADE ON UPDATE CASCADE;

--
-- Constraints for table `al_marks_tbl`
--
ALTER TABLE `al_marks_tbl`
  ADD CONSTRAINT `al_marks_tbl_ibfk_1` FOREIGN KEY (`std_id`) REFERENCES `student_tbl` (`std_id`) ON DELETE CASCADE ON UPDATE CASCADE,
  ADD CONSTRAINT `al_marks_tbl_ibfk_2` FOREIGN KEY (`sub_id`) REFERENCES `subject_tbl` (`sub_id`) ON DELETE CASCADE ON UPDATE CASCADE,
  ADD CONSTRAINT `al_marks_tbl_ibfk_3` FOREIGN KEY (`grade_class_id`) REFERENCES `grade_class_tbl` (`grade_class_id`) ON DELETE CASCADE ON UPDATE CASCADE;

--
-- Constraints for table `al_subjects_tbl`
--
ALTER TABLE `al_subjects_tbl`
  ADD CONSTRAINT `al_subjects_tbl_ibfk_1` FOREIGN KEY (`sub_id`) REFERENCES `subject_tbl` (`sub_id`) ON DELETE CASCADE ON UPDATE CASCADE,
  ADD CONSTRAINT `al_subjects_tbl_ibfk_2` FOREIGN KEY (`stream_id`) REFERENCES `al_subject_stream_tbl` (`stream_id`) ON DELETE CASCADE ON UPDATE CASCADE;

--
-- Constraints for table `grade_class_tbl`
--
ALTER TABLE `grade_class_tbl`
  ADD CONSTRAINT `grade_class_tbl_ibfk_1` FOREIGN KEY (`class_id`) REFERENCES `class_tbl` (`class_id`) ON DELETE CASCADE ON UPDATE CASCADE,
  ADD CONSTRAINT `grade_class_tbl_ibfk_2` FOREIGN KEY (`grade_id`) REFERENCES `grade_tbl` (`grade_id`) ON DELETE CASCADE ON UPDATE CASCADE,
  ADD CONSTRAINT `grade_class_tbl_ibfk_3` FOREIGN KEY (`teacher_id`) REFERENCES `teacher_tbl` (`teacher_id`) ON DELETE CASCADE ON UPDATE CASCADE;

--
-- Constraints for table `grade_subject_tbl`
--
ALTER TABLE `grade_subject_tbl`
  ADD CONSTRAINT `grade_subject_tbl_ibfk_1` FOREIGN KEY (`sub_id`) REFERENCES `subject_tbl` (`sub_id`) ON DELETE CASCADE ON UPDATE CASCADE,
  ADD CONSTRAINT `grade_subject_tbl_ibfk_2` FOREIGN KEY (`stream_id`) REFERENCES `al_subject_stream_tbl` (`stream_id`) ON DELETE CASCADE ON UPDATE CASCADE,
  ADD CONSTRAINT `grade_subject_tbl_ibfk_3` FOREIGN KEY (`grade_id`) REFERENCES `grade_tbl` (`grade_id`) ON DELETE CASCADE ON UPDATE CASCADE;

--
-- Constraints for table `grade_tbl`
--
ALTER TABLE `grade_tbl`
  ADD CONSTRAINT `grade_tbl_ibfk_1` FOREIGN KEY (`teacher_id`) REFERENCES `teacher_tbl` (`teacher_id`) ON DELETE CASCADE ON UPDATE CASCADE;

--
-- Constraints for table `guardian_tbl`
--
ALTER TABLE `guardian_tbl`
  ADD CONSTRAINT `guardian_tbl_ibfk_1` FOREIGN KEY (`std_id`) REFERENCES `student_tbl` (`std_id`) ON DELETE CASCADE ON UPDATE CASCADE;

--
-- Constraints for table `student_class_tbl`
--
ALTER TABLE `student_class_tbl`
  ADD CONSTRAINT `student_class_tbl_ibfk_1` FOREIGN KEY (`std_id`) REFERENCES `student_tbl` (`std_id`) ON DELETE CASCADE ON UPDATE CASCADE,
  ADD CONSTRAINT `student_class_tbl_ibfk_2` FOREIGN KEY (`grade_class_id`) REFERENCES `grade_class_tbl` (`grade_class_id`) ON DELETE CASCADE ON UPDATE CASCADE,
  ADD CONSTRAINT `student_class_tbl_ibfk_3` FOREIGN KEY (`sec_id`) REFERENCES `section_tbl` (`sec_id`) ON DELETE CASCADE ON UPDATE CASCADE;

--
-- Constraints for table `teacher_class_tbl`
--
ALTER TABLE `teacher_class_tbl`
  ADD CONSTRAINT `teacher_class_tbl_ibfk_1` FOREIGN KEY (`teacher_id`) REFERENCES `teacher_tbl` (`teacher_id`) ON DELETE CASCADE ON UPDATE CASCADE,
  ADD CONSTRAINT `teacher_class_tbl_ibfk_2` FOREIGN KEY (`grade_class_id`) REFERENCES `grade_class_tbl` (`grade_class_id`) ON DELETE CASCADE ON UPDATE CASCADE;

--
-- Constraints for table `teacher_subject_tbl`
--
ALTER TABLE `teacher_subject_tbl`
  ADD CONSTRAINT `teacher_subject_tbl_ibfk_1` FOREIGN KEY (`teacher_id`) REFERENCES `teacher_tbl` (`teacher_id`) ON DELETE CASCADE ON UPDATE CASCADE,
  ADD CONSTRAINT `teacher_subject_tbl_ibfk_2` FOREIGN KEY (`sub_id`) REFERENCES `subject_tbl` (`sub_id`) ON DELETE CASCADE ON UPDATE CASCADE;

--
-- Constraints for table `user_tbl`
--
ALTER TABLE `user_tbl`
  ADD CONSTRAINT `user_tbl_ibfk_1` FOREIGN KEY (`role_id`) REFERENCES `user_role_tbl` (`role_id`) ON DELETE CASCADE ON UPDATE CASCADE,
  ADD CONSTRAINT `user_tbl_ibfk_2` FOREIGN KEY (`nic`) REFERENCES `teacher_tbl` (`nic`) ON DELETE CASCADE ON UPDATE CASCADE;
COMMIT;

/*!40101 SET CHARACTER_SET_CLIENT=@OLD_CHARACTER_SET_CLIENT */;
/*!40101 SET CHARACTER_SET_RESULTS=@OLD_CHARACTER_SET_RESULTS */;
/*!40101 SET COLLATION_CONNECTION=@OLD_COLLATION_CONNECTION */;
